FlowID,SrcAddress,DestAddress,Start,Count
1,7.0.0.2,7.0.0.3,0.012,2
1,7.0.0.2,7.0.0.3,0.015,2
1,7.0.0.2,7.0.0.3,0.016,4
1,7.0.0.2,7.0.0.3,0.017,4
1,7.0.0.2,7.0.0.3,0.018,5
1,7.0.0.2,7.0.0.3,0.019,47
1,7.0.0.2,7.0.0.3,0.02,14
1,7.0.0.2,7.0.0.3,0.021,7
1,7.0.0.2,7.0.0.3,0.022,10
1,7.0.0.2,7.0.0.3,0.023,31
1,7.0.0.2,7.0.0.3,0.024,17
1,7.0.0.2,7.0.0.3,0.025,5
1,7.0.0.2,7.0.0.3,0.026,17
1,7.0.0.2,7.0.0.3,0.027,14
1,7.0.0.2,7.0.0.3,0.028,18
1,7.0.0.2,7.0.0.3,0.029,7
1,7.0.0.2,7.0.0.3,0.03,3
1,7.0.0.2,7.0.0.3,0.031,6
1,7.0.0.2,7.0.0.3,0.032,13
1,7.0.0.2,7.0.0.3,0.033,10
1,7.0.0.2,7.0.0.3,0.034,9
1,7.0.0.2,7.0.0.3,0.035,14
1,7.0.0.2,7.0.0.3,0.036,27
1,7.0.0.2,7.0.0.3,0.037,28
1,7.0.0.2,7.0.0.3,0.038,19
1,7.0.0.2,7.0.0.3,0.039,16
1,7.0.0.2,7.0.0.3,0.04,82
1,7.0.0.2,7.0.0.3,0.041,39
1,7.0.0.2,7.0.0.3,0.042,94
1,7.0.0.2,7.0.0.3,0.044,69
1,7.0.0.2,7.0.0.3,0.045,30
1,7.0.0.2,7.0.0.3,0.046,19
1,7.0.0.2,7.0.0.3,0.047,46
1,7.0.0.2,7.0.0.3,0.048,24
1,7.0.0.2,7.0.0.3,0.049,46
1,7.0.0.2,7.0.0.3,0.05,69
1,7.0.0.2,7.0.0.3,0.052,24
1,7.0.0.2,7.0.0.3,0.053,32
1,7.0.0.2,7.0.0.3,0.054,30
1,7.0.0.2,7.0.0.3,0.055,35
1,7.0.0.2,7.0.0.3,0.056,21
1,7.0.0.2,7.0.0.3,0.057,37
1,7.0.0.2,7.0.0.3,0.058,62
1,7.0.0.2,7.0.0.3,0.059,1
1,7.0.0.2,7.0.0.3,0.06,29
1,7.0.0.2,7.0.0.3,0.061,21
1,7.0.0.2,7.0.0.3,0.062,26
1,7.0.0.2,7.0.0.3,0.063,22
1,7.0.0.2,7.0.0.3,0.064,35
1,7.0.0.2,7.0.0.3,0.065,20
1,7.0.0.2,7.0.0.3,0.066,19
1,7.0.0.2,7.0.0.3,0.067,18
1,7.0.0.2,7.0.0.3,0.068,31
1,7.0.0.2,7.0.0.3,0.069,23
1,7.0.0.2,7.0.0.3,0.07,42
1,7.0.0.2,7.0.0.3,0.072,18
1,7.0.0.2,7.0.0.3,0.073,14
1,7.0.0.2,7.0.0.3,0.074,12
1,7.0.0.2,7.0.0.3,0.075,14
1,7.0.0.2,7.0.0.3,0.076,12
1,7.0.0.2,7.0.0.3,0.077,25
1,7.0.0.2,7.0.0.3,0.078,15
1,7.0.0.2,7.0.0.3,0.079,19
1,7.0.0.2,7.0.0.3,0.08,17
1,7.0.0.2,7.0.0.3,0.081,8
1,7.0.0.2,7.0.0.3,0.082,4
1,7.0.0.2,7.0.0.3,0.083,16
1,7.0.0.2,7.0.0.3,0.084,17
1,7.0.0.2,7.0.0.3,0.085,49
1,7.0.0.2,7.0.0.3,0.086,14
1,7.0.0.2,7.0.0.3,0.088,12
1,7.0.0.2,7.0.0.3,0.089,23
1,7.0.0.2,7.0.0.3,0.09,10
1,7.0.0.2,7.0.0.3,0.091,9
1,7.0.0.2,7.0.0.3,0.092,15
1,7.0.0.2,7.0.0.3,0.093,2
1,7.0.0.2,7.0.0.3,0.094,14
1,7.0.0.2,7.0.0.3,0.095,10
1,7.0.0.2,7.0.0.3,0.096,8
1,7.0.0.2,7.0.0.3,0.097,3
1,7.0.0.2,7.0.0.3,0.098,4
1,7.0.0.2,7.0.0.3,0.099,13
1,7.0.0.2,7.0.0.3,0.1,5
1,7.0.0.2,7.0.0.3,0.101,14
1,7.0.0.2,7.0.0.3,0.102,8
1,7.0.0.2,7.0.0.3,0.104,7
1,7.0.0.2,7.0.0.3,0.105,21
1,7.0.0.2,7.0.0.3,0.106,9
1,7.0.0.2,7.0.0.3,0.107,5
1,7.0.0.2,7.0.0.3,0.108,7
1,7.0.0.2,7.0.0.3,0.109,8
1,7.0.0.2,7.0.0.3,0.11,11
1,7.0.0.2,7.0.0.3,0.111,13
1,7.0.0.2,7.0.0.3,0.112,7
1,7.0.0.2,7.0.0.3,0.113,7
1,7.0.0.2,7.0.0.3,0.114,14
1,7.0.0.2,7.0.0.3,0.115,18
1,7.0.0.2,7.0.0.3,0.116,10
1,7.0.0.2,7.0.0.3,0.117,14
1,7.0.0.2,7.0.0.3,0.118,7
1,7.0.0.2,7.0.0.3,0.12,15
1,7.0.0.2,7.0.0.3,0.121,6
1,7.0.0.2,7.0.0.3,0.122,5
1,7.0.0.2,7.0.0.3,0.123,7
1,7.0.0.2,7.0.0.3,0.124,2
1,7.0.0.2,7.0.0.3,0.125,1
1,7.0.0.2,7.0.0.3,0.126,3
1,7.0.0.2,7.0.0.3,0.127,2
1,7.0.0.2,7.0.0.3,0.128,4
1,7.0.0.2,7.0.0.3,0.131,1
1,7.0.0.2,7.0.0.3,0.132,2
1,7.0.0.2,7.0.0.3,0.134,2
1,7.0.0.2,7.0.0.3,0.136,8
1,7.0.0.2,7.0.0.3,0.137,10
1,7.0.0.2,7.0.0.3,0.138,5
1,7.0.0.2,7.0.0.3,0.139,2
1,7.0.0.2,7.0.0.3,0.14,4
1,7.0.0.2,7.0.0.3,0.141,3
1,7.0.0.2,7.0.0.3,0.142,7
1,7.0.0.2,7.0.0.3,0.144,1
1,7.0.0.2,7.0.0.3,0.145,2
1,7.0.0.2,7.0.0.3,0.147,3
1,7.0.0.2,7.0.0.3,0.148,6
1,7.0.0.2,7.0.0.3,0.149,8
1,7.0.0.2,7.0.0.3,0.15,1
1,7.0.0.2,7.0.0.3,0.151,1
1,7.0.0.2,7.0.0.3,0.152,6
1,7.0.0.2,7.0.0.3,0.156,10
1,7.0.0.2,7.0.0.3,0.159,1
1,7.0.0.2,7.0.0.3,0.16,1
1,7.0.0.2,7.0.0.3,0.161,1
1,7.0.0.2,7.0.0.3,0.162,1
1,7.0.0.2,7.0.0.3,0.164,1
1,7.0.0.2,7.0.0.3,0.165,2
1,7.0.0.2,7.0.0.3,0.166,1
1,7.0.0.2,7.0.0.3,0.17,5
1,7.0.0.2,7.0.0.3,0.171,3
1,7.0.0.2,7.0.0.3,0.173,2
1,7.0.0.2,7.0.0.3,0.174,1
1,7.0.0.2,7.0.0.3,0.18,1
1,7.0.0.2,7.0.0.3,0.183,3
1,7.0.0.2,7.0.0.3,0.184,1
1,7.0.0.2,7.0.0.3,0.185,3
1,7.0.0.2,7.0.0.3,0.187,1
1,7.0.0.2,7.0.0.3,0.189,1
1,7.0.0.2,7.0.0.3,0.19,2
1,7.0.0.2,7.0.0.3,0.191,2
1,7.0.0.2,7.0.0.3,0.193,4
1,7.0.0.2,7.0.0.3,0.195,2
1,7.0.0.2,7.0.0.3,0.203,5
1,7.0.0.2,7.0.0.3,0.215,1
1,7.0.0.2,7.0.0.3,0.225,1
1,7.0.0.2,7.0.0.3,0.23,2
1,7.0.0.2,7.0.0.3,0.235,6
1,7.0.0.2,7.0.0.3,0.24,3
1,7.0.0.2,7.0.0.3,0.262,1
1,7.0.0.2,7.0.0.3,0.263,1
2,7.0.0.3,7.0.0.2,0.008,2
2,7.0.0.3,7.0.0.2,0.009,8
2,7.0.0.3,7.0.0.2,0.01,9
2,7.0.0.3,7.0.0.2,0.011,13
2,7.0.0.3,7.0.0.2,0.012,15
2,7.0.0.3,7.0.0.2,0.013,5
2,7.0.0.3,7.0.0.2,0.015,230
2,7.0.0.3,7.0.0.2,0.016,160
2,7.0.0.3,7.0.0.2,0.017,57
2,7.0.0.3,7.0.0.2,0.018,37
2,7.0.0.3,7.0.0.2,0.019,19
2,7.0.0.3,7.0.0.2,0.02,19
2,7.0.0.3,7.0.0.2,0.021,6
2,7.0.0.3,7.0.0.2,0.022,50
2,7.0.0.3,7.0.0.2,0.023,4
2,7.0.0.3,7.0.0.2,0.024,15
2,7.0.0.3,7.0.0.2,0.025,14
2,7.0.0.3,7.0.0.2,0.026,11
2,7.0.0.3,7.0.0.2,0.027,8
2,7.0.0.3,7.0.0.2,0.028,18
2,7.0.0.3,7.0.0.2,0.029,15
2,7.0.0.3,7.0.0.2,0.03,23
2,7.0.0.3,7.0.0.2,0.031,32
2,7.0.0.3,7.0.0.2,0.032,21
2,7.0.0.3,7.0.0.2,0.033,19
2,7.0.0.3,7.0.0.2,0.034,11
2,7.0.0.3,7.0.0.2,0.035,13
2,7.0.0.3,7.0.0.2,0.036,242
2,7.0.0.3,7.0.0.2,0.037,254
2,7.0.0.3,7.0.0.2,0.038,70
2,7.0.0.3,7.0.0.2,0.039,51
2,7.0.0.3,7.0.0.2,0.04,53
2,7.0.0.3,7.0.0.2,0.041,30
2,7.0.0.3,7.0.0.2,0.042,33
2,7.0.0.3,7.0.0.2,0.044,10
2,7.0.0.3,7.0.0.2,0.045,2
2,7.0.0.3,7.0.0.2,0.046,3
2,7.0.0.3,7.0.0.2,0.047,1
2,7.0.0.3,7.0.0.2,0.048,8
2,7.0.0.3,7.0.0.2,0.052,1
2,7.0.0.3,7.0.0.2,0.054,2
2,7.0.0.3,7.0.0.2,0.056,2
2,7.0.0.3,7.0.0.2,0.06,3
2,7.0.0.3,7.0.0.2,0.067,1
2,7.0.0.3,7.0.0.2,0.068,1
2,7.0.0.3,7.0.0.2,0.07,1
2,7.0.0.3,7.0.0.2,0.077,1
2,7.0.0.3,7.0.0.2,0.086,1
2,7.0.0.3,7.0.0.2,0.088,1
2,7.0.0.3,7.0.0.2,0.091,3
2,7.0.0.3,7.0.0.2,0.094,2
2,7.0.0.3,7.0.0.2,0.095,2
2,7.0.0.3,7.0.0.2,0.101,1
2,7.0.0.3,7.0.0.2,0.106,3
2,7.0.0.3,7.0.0.2,0.115,3
2,7.0.0.3,7.0.0.2,0.131,2
2,7.0.0.3,7.0.0.2,0.134,1
2,7.0.0.3,7.0.0.2,0.136,1
2,7.0.0.3,7.0.0.2,0.137,3
3,7.0.0.4,7.0.0.5,0.012,2
3,7.0.0.4,7.0.0.5,0.013,4
3,7.0.0.4,7.0.0.5,0.014,3
3,7.0.0.4,7.0.0.5,0.015,6
3,7.0.0.4,7.0.0.5,0.016,4
3,7.0.0.4,7.0.0.5,0.017,4
3,7.0.0.4,7.0.0.5,0.018,7
3,7.0.0.4,7.0.0.5,0.019,6
3,7.0.0.4,7.0.0.5,0.02,13
3,7.0.0.4,7.0.0.5,0.021,5
3,7.0.0.4,7.0.0.5,0.022,10
3,7.0.0.4,7.0.0.5,0.023,8
3,7.0.0.4,7.0.0.5,0.024,13
3,7.0.0.4,7.0.0.5,0.025,5
3,7.0.0.4,7.0.0.5,0.026,10
3,7.0.0.4,7.0.0.5,0.027,14
3,7.0.0.4,7.0.0.5,0.028,16
3,7.0.0.4,7.0.0.5,0.029,8
3,7.0.0.4,7.0.0.5,0.03,11
3,7.0.0.4,7.0.0.5,0.031,18
3,7.0.0.4,7.0.0.5,0.032,19
3,7.0.0.4,7.0.0.5,0.033,18
3,7.0.0.4,7.0.0.5,0.034,26
3,7.0.0.4,7.0.0.5,0.035,18
3,7.0.0.4,7.0.0.5,0.036,37
3,7.0.0.4,7.0.0.5,0.037,23
3,7.0.0.4,7.0.0.5,0.038,21
3,7.0.0.4,7.0.0.5,0.039,42
3,7.0.0.4,7.0.0.5,0.04,41
3,7.0.0.4,7.0.0.5,0.041,33
3,7.0.0.4,7.0.0.5,0.042,68
3,7.0.0.4,7.0.0.5,0.044,58
3,7.0.0.4,7.0.0.5,0.045,37
3,7.0.0.4,7.0.0.5,0.046,32
3,7.0.0.4,7.0.0.5,0.047,52
3,7.0.0.4,7.0.0.5,0.048,42
3,7.0.0.4,7.0.0.5,0.049,40
3,7.0.0.4,7.0.0.5,0.05,157
3,7.0.0.4,7.0.0.5,0.052,59
3,7.0.0.4,7.0.0.5,0.053,60
3,7.0.0.4,7.0.0.5,0.054,96
3,7.0.0.4,7.0.0.5,0.055,80
3,7.0.0.4,7.0.0.5,0.056,63
3,7.0.0.4,7.0.0.5,0.057,76
3,7.0.0.4,7.0.0.5,0.058,119
3,7.0.0.4,7.0.0.5,0.059,1
3,7.0.0.4,7.0.0.5,0.06,72
3,7.0.0.4,7.0.0.5,0.061,59
3,7.0.0.4,7.0.0.5,0.062,111
3,7.0.0.4,7.0.0.5,0.063,70
3,7.0.0.4,7.0.0.5,0.064,89
3,7.0.0.4,7.0.0.5,0.065,47
3,7.0.0.4,7.0.0.5,0.066,82
3,7.0.0.4,7.0.0.5,0.067,49
3,7.0.0.4,7.0.0.5,0.068,65
3,7.0.0.4,7.0.0.5,0.069,83
3,7.0.0.4,7.0.0.5,0.07,130
3,7.0.0.4,7.0.0.5,0.072,73
3,7.0.0.4,7.0.0.5,0.073,96
3,7.0.0.4,7.0.0.5,0.074,64
3,7.0.0.4,7.0.0.5,0.075,59
3,7.0.0.4,7.0.0.5,0.076,49
3,7.0.0.4,7.0.0.5,0.077,51
3,7.0.0.4,7.0.0.5,0.078,83
3,7.0.0.4,7.0.0.5,0.079,33
3,7.0.0.4,7.0.0.5,0.08,46
3,7.0.0.4,7.0.0.5,0.081,45
3,7.0.0.4,7.0.0.5,0.082,67
3,7.0.0.4,7.0.0.5,0.083,60
3,7.0.0.4,7.0.0.5,0.084,33
3,7.0.0.4,7.0.0.5,0.085,72
3,7.0.0.4,7.0.0.5,0.086,41
3,7.0.0.4,7.0.0.5,0.088,44
3,7.0.0.4,7.0.0.5,0.089,29
3,7.0.0.4,7.0.0.5,0.09,25
3,7.0.0.4,7.0.0.5,0.091,28
3,7.0.0.4,7.0.0.5,0.092,31
3,7.0.0.4,7.0.0.5,0.093,23
3,7.0.0.4,7.0.0.5,0.094,21
3,7.0.0.4,7.0.0.5,0.095,24
3,7.0.0.4,7.0.0.5,0.096,14
3,7.0.0.4,7.0.0.5,0.097,16
3,7.0.0.4,7.0.0.5,0.098,13
3,7.0.0.4,7.0.0.5,0.099,14
3,7.0.0.4,7.0.0.5,0.1,8
3,7.0.0.4,7.0.0.5,0.101,27
3,7.0.0.4,7.0.0.5,0.102,5
3,7.0.0.4,7.0.0.5,0.104,14
3,7.0.0.4,7.0.0.5,0.105,9
3,7.0.0.4,7.0.0.5,0.106,5
3,7.0.0.4,7.0.0.5,0.107,13
3,7.0.0.4,7.0.0.5,0.108,3
3,7.0.0.4,7.0.0.5,0.109,5
3,7.0.0.4,7.0.0.5,0.11,5
3,7.0.0.4,7.0.0.5,0.111,3
3,7.0.0.4,7.0.0.5,0.112,7
3,7.0.0.4,7.0.0.5,0.113,1
3,7.0.0.4,7.0.0.5,0.114,2
3,7.0.0.4,7.0.0.5,0.115,2
3,7.0.0.4,7.0.0.5,0.116,3
3,7.0.0.4,7.0.0.5,0.117,4
3,7.0.0.4,7.0.0.5,0.118,3
3,7.0.0.4,7.0.0.5,0.12,1
3,7.0.0.4,7.0.0.5,0.123,1
4,7.0.0.5,7.0.0.4,0.008,27
4,7.0.0.5,7.0.0.4,0.009,32
4,7.0.0.5,7.0.0.4,0.01,34
4,7.0.0.5,7.0.0.4,0.011,15
4,7.0.0.5,7.0.0.4,0.012,17
4,7.0.0.5,7.0.0.4,0.013,6
4,7.0.0.5,7.0.0.4,0.014,4
4,7.0.0.5,7.0.0.4,0.015,604
4,7.0.0.5,7.0.0.4,0.016,219
4,7.0.0.5,7.0.0.4,0.017,52
4,7.0.0.5,7.0.0.4,0.018,32
4,7.0.0.5,7.0.0.4,0.019,9
4,7.0.0.5,7.0.0.4,0.02,23
4,7.0.0.5,7.0.0.4,0.021,1
4,7.0.0.5,7.0.0.4,0.022,48
4,7.0.0.5,7.0.0.4,0.023,13
4,7.0.0.5,7.0.0.4,0.024,32
4,7.0.0.5,7.0.0.4,0.025,15
4,7.0.0.5,7.0.0.4,0.026,22
4,7.0.0.5,7.0.0.4,0.027,35
4,7.0.0.5,7.0.0.4,0.028,20
4,7.0.0.5,7.0.0.4,0.029,11
4,7.0.0.5,7.0.0.4,0.03,36
4,7.0.0.5,7.0.0.4,0.031,23
4,7.0.0.5,7.0.0.4,0.032,32
4,7.0.0.5,7.0.0.4,0.033,26
4,7.0.0.5,7.0.0.4,0.034,34
4,7.0.0.5,7.0.0.4,0.035,19
4,7.0.0.5,7.0.0.4,0.036,342
4,7.0.0.5,7.0.0.4,0.037,212
4,7.0.0.5,7.0.0.4,0.038,51
4,7.0.0.5,7.0.0.4,0.039,22
4,7.0.0.5,7.0.0.4,0.04,5
4,7.0.0.5,7.0.0.4,0.042,1
